# Photon emissions of calibration sources: energies and intensities per 100 decays, from the Decay Data
# Evaluation Project (DDEP) recommended data, as served by LNE-LNHB (http://www.lnhb.fr/nuclear-data/), read
# 2026-10-05. Kept: gamma rays and annihilation photons (511 keV) of at least 0.05 per 100 decays, and X-rays
# above 20 keV of at least 1 per 100 decays. 'evaluation' is the DDEP evaluator and year.
nuclide,half_life_s,half_life_unc_s,energy_kev,intensity_percent,intensity_unc_percent,kind,evaluation
133Ba,3.3258e+08,190000,30.6254,33.8,0.4,x,KRI - 2015
133Ba,3.3258e+08,190000,30.9731,62.4,0.7,x,KRI - 2015
133Ba,3.3258e+08,190000,35.053,18.24,0.29,x,KRI - 2015
133Ba,3.3258e+08,190000,35.9003,4.45,0.12,x,KRI - 2015
133Ba,3.3258e+08,190000,53.1622,2.14,0.06,gamma,KRI - 2015
133Ba,3.3258e+08,190000,79.6142,2.63,0.19,gamma,KRI - 2015
133Ba,3.3258e+08,190000,80.9979,33.31,0.3,gamma,KRI - 2015
133Ba,3.3258e+08,190000,160.6121,0.638,0.006,gamma,KRI - 2015
133Ba,3.3258e+08,190000,223.2368,0.45,0.005,gamma,KRI - 2015
133Ba,3.3258e+08,190000,276.3989,7.13,0.06,gamma,KRI - 2015
133Ba,3.3258e+08,190000,302.8508,18.31,0.11,gamma,KRI - 2015
133Ba,3.3258e+08,190000,356.0129,62.05,0.19,gamma,KRI - 2015
133Ba,3.3258e+08,190000,383.8485,8.94,0.06,gamma,KRI - 2015
60Co,1.6634e+08,25000,1173.228,99.85,0.03,gamma,INEEL - 2006
60Co,1.6634e+08,25000,1332.492,99.9826,0.0006,gamma,INEEL - 2006
137Cs,9.473e+08,700000,31.8174,1.99,0.04,x,CEA/LNE-LNHB - 2023
137Cs,9.473e+08,700000,32.1939,3.66,0.06,x,CEA/LNE-LNHB - 2023
137Cs,9.473e+08,700000,36.4457,1.078,0.02,x,CEA/LNE-LNHB - 2023
137Cs,9.473e+08,700000,661.6553,85.01,0.2,gamma,CEA/LNE-LNHB - 2023
152Eu,4.267e+08,500000,39.5229,20.8,0.3,x,USP / LBNL - 2004
152Eu,4.267e+08,500000,40.1186,37.7,0.5,x,USP / LBNL - 2004
152Eu,4.267e+08,500000,45.4777,11.78,0.19,x,USP / LBNL - 2004
152Eu,4.267e+08,500000,46.6977,3.04,0.08,x,USP / LBNL - 2004
152Eu,4.267e+08,500000,121.7817,28.41,0.13,gamma,USP / LBNL - 2004
152Eu,4.267e+08,500000,244.6974,7.55,0.04,gamma,USP / LBNL - 2004
152Eu,4.267e+08,500000,251.633,0.0671,0.0015,gamma,USP / LBNL - 2004
152Eu,4.267e+08,500000,271.131,0.078,0.003,gamma,USP / LBNL - 2004
152Eu,4.267e+08,500000,295.9387,0.442,0.003,gamma,USP / LBNL - 2004
152Eu,4.267e+08,500000,324.83,0.0738,0.0015,gamma,USP / LBNL - 2004
152Eu,4.267e+08,500000,329.425,0.129,0.006,gamma,USP / LBNL - 2004
152Eu,4.267e+08,500000,344.2785,26.59,0.12,gamma,USP / LBNL - 2004
152Eu,4.267e+08,500000,367.7891,0.862,0.005,gamma,USP / LBNL - 2004
152Eu,4.267e+08,500000,411.1165,2.238,0.01,gamma,USP / LBNL - 2004
152Eu,4.267e+08,500000,416.048,0.109,0.0017,gamma,USP / LBNL - 2004
152Eu,4.267e+08,500000,443.965,3.12,0.028,gamma,USP / LBNL - 2004
152Eu,4.267e+08,500000,488.6792,0.4139,0.0024,gamma,USP / LBNL - 2004
152Eu,4.267e+08,500000,503.474,0.1533,0.0018,gamma,USP / LBNL - 2004
152Eu,4.267e+08,500000,511.0,0.054,0.03,annihilation,USP / LBNL - 2004
152Eu,4.267e+08,500000,520.227,0.0536,0.0013,gamma,USP / LBNL - 2004
152Eu,4.267e+08,500000,563.99,0.457,0.013,gamma,USP / LBNL - 2004
152Eu,4.267e+08,500000,566.442,0.131,0.004,gamma,USP / LBNL - 2004
152Eu,4.267e+08,500000,586.265,0.462,0.004,gamma,USP / LBNL - 2004
152Eu,4.267e+08,500000,656.489,0.1437,0.0018,gamma,USP / LBNL - 2004
152Eu,4.267e+08,500000,674.675,0.17,0.004,gamma,USP / LBNL - 2004
152Eu,4.267e+08,500000,678.623,0.47,0.004,gamma,USP / LBNL - 2004
152Eu,4.267e+08,500000,688.67,0.841,0.006,gamma,USP / LBNL - 2004
152Eu,4.267e+08,500000,712.843,0.0961,0.0019,gamma,USP / LBNL - 2004
152Eu,4.267e+08,500000,719.349,0.327,0.015,gamma,USP / LBNL - 2004
152Eu,4.267e+08,500000,764.9,0.19,0.004,gamma,USP / LBNL - 2004
152Eu,4.267e+08,500000,768.944,0.088,0.003,gamma,USP / LBNL - 2004
152Eu,4.267e+08,500000,778.9045,12.97,0.06,gamma,USP / LBNL - 2004
152Eu,4.267e+08,500000,810.451,0.317,0.003,gamma,USP / LBNL - 2004
152Eu,4.267e+08,500000,841.574,0.163,0.002,gamma,USP / LBNL - 2004
152Eu,4.267e+08,500000,867.38,4.243,0.023,gamma,USP / LBNL - 2004
152Eu,4.267e+08,500000,896.58,0.0669,0.0021,gamma,USP / LBNL - 2004
152Eu,4.267e+08,500000,901.181,0.084,0.003,gamma,USP / LBNL - 2004
152Eu,4.267e+08,500000,919.337,0.429,0.005,gamma,USP / LBNL - 2004
152Eu,4.267e+08,500000,926.317,0.273,0.004,gamma,USP / LBNL - 2004
152Eu,4.267e+08,500000,930.58,0.0729,0.0019,gamma,USP / LBNL - 2004
152Eu,4.267e+08,500000,963.39,0.1341,0.002,gamma,USP / LBNL - 2004
152Eu,4.267e+08,500000,964.079,14.5,0.06,gamma,USP / LBNL - 2004
152Eu,4.267e+08,500000,1005.272,0.665,0.023,gamma,USP / LBNL - 2004
152Eu,4.267e+08,500000,1084.0,0.244,0.008,gamma,USP / LBNL - 2004
152Eu,4.267e+08,500000,1085.837,10.13,0.06,gamma,USP / LBNL - 2004
152Eu,4.267e+08,500000,1089.737,1.73,0.01,gamma,USP / LBNL - 2004
152Eu,4.267e+08,500000,1109.174,0.186,0.004,gamma,USP / LBNL - 2004
152Eu,4.267e+08,500000,1112.076,13.41,0.06,gamma,USP / LBNL - 2004
152Eu,4.267e+08,500000,1212.948,1.416,0.009,gamma,USP / LBNL - 2004
152Eu,4.267e+08,500000,1249.938,0.186,0.003,gamma,USP / LBNL - 2004
152Eu,4.267e+08,500000,1292.778,0.104,0.003,gamma,USP / LBNL - 2004
152Eu,4.267e+08,500000,1299.142,1.633,0.009,gamma,USP / LBNL - 2004
152Eu,4.267e+08,500000,1408.013,20.85,0.08,gamma,USP / LBNL - 2004
152Eu,4.267e+08,500000,1457.643,0.498,0.004,gamma,USP / LBNL - 2004
152Eu,4.267e+08,500000,1528.103,0.281,0.005,gamma,USP / LBNL - 2004
22Na,8.214e+07,25000,511.0,180.7,0.2,annihilation,CIEMAT - 2009
22Na,8.214e+07,25000,1274.537,99.94,0.13,gamma,CIEMAT - 2009
88Y,9.2128e+06,4300,511.0,0.46,0.03,annihilation,KRI - 2015
88Y,9.2128e+06,4300,898.042,93.7,0.3,gamma,KRI - 2015
88Y,9.2128e+06,4300,1836.07,99.346,0.025,gamma,KRI - 2015
88Y,9.2128e+06,4300,2734.092,0.608,0.025,gamma,KRI - 2015
