# X-ray mass attenuation coefficients mu/rho (total, with coherent scattering): NIST Standard Reference Database 126
# (J. H. Hubbell and S. M. Seltzer, NISTIR 5632), https://physics.nist.gov/PhysRefData/XrayMassCoef/tab3.html,
# read 2026-10-05. Rows from 5 keV to 20 MeV. An energy listed twice is an absorption edge: the first row is
# just below the edge and the second just above it.
Z,energy_mev,mu_rho_cm2_g
1,0.005,0.4193
1,0.006,0.4042
1,0.008,0.3914
1,0.01,0.3854
1,0.015,0.3764
1,0.02,0.3695
1,0.03,0.357
1,0.04,0.3458
1,0.05,0.3355
1,0.06,0.326
1,0.08,0.3091
1,0.1,0.2944
1,0.15,0.2651
1,0.2,0.2429
1,0.3,0.2112
1,0.4,0.1893
1,0.5,0.1729
1,0.6,0.1599
1,0.8,0.1405
1,1,0.1263
1,1.25,0.1129
1,1.5,0.1027
1,2,0.08769
1,3,0.06921
1,4,0.05806
1,5,0.05049
1,6,0.04498
1,8,0.03746
1,10,0.03254
1,15,0.02539
1,20,0.02153
4,0.005,4.369
4,0.006,2.527
4,0.008,1.124
4,0.01,0.6466
4,0.015,0.307
4,0.02,0.2251
4,0.03,0.1792
4,0.04,0.164
4,0.05,0.1554
4,0.06,0.1493
4,0.08,0.1401
4,0.1,0.1328
4,0.15,0.119
4,0.2,0.1089
4,0.3,0.09463
4,0.4,0.08471
4,0.5,0.07739
4,0.6,0.07155
4,0.8,0.06286
4,1,0.05652
4,1.25,0.05054
4,1.5,0.04597
4,2,0.03938
4,3,0.03138
4,4,0.02664
4,5,0.02347
4,6,0.02121
4,8,0.01819
4,10,0.01627
4,15,0.01361
4,20,0.01227
6,0.005,19.12
6,0.006,10.95
6,0.008,4.576
6,0.01,2.373
6,0.015,0.8071
6,0.02,0.442
6,0.03,0.2562
6,0.04,0.2076
6,0.05,0.1871
6,0.06,0.1753
6,0.08,0.161
6,0.1,0.1514
6,0.15,0.1347
6,0.2,0.1229
6,0.3,0.1066
6,0.4,0.09546
6,0.5,0.08715
6,0.6,0.08058
6,0.8,0.07076
6,1,0.06361
6,1.25,0.0569
6,1.5,0.05179
6,2,0.04442
6,3,0.03562
6,4,0.03047
6,5,0.02708
6,6,0.02469
6,8,0.02154
6,10,0.01959
6,15,0.01698
6,20,0.01575
7,0.005,31.44
7,0.006,18.09
7,0.008,7.562
7,0.01,3.879
7,0.015,1.236
7,0.02,0.6178
7,0.03,0.3066
7,0.04,0.2288
7,0.05,0.198
7,0.06,0.1817
7,0.08,0.1639
7,0.1,0.1529
7,0.15,0.1353
7,0.2,0.1233
7,0.3,0.1068
7,0.4,0.09557
7,0.5,0.08719
7,0.6,0.08063
7,0.8,0.07081
7,1,0.06364
7,1.25,0.05693
7,1.5,0.0518
7,2,0.0445
7,3,0.03579
7,4,0.03073
7,5,0.02742
7,6,0.02511
7,8,0.02209
7,10,0.02024
7,15,0.01782
7,20,0.01673
8,0.005,47.9
8,0.006,27.7
8,0.008,11.63
8,0.01,5.952
8,0.015,1.836
8,0.02,0.8651
8,0.03,0.3779
8,0.04,0.2585
8,0.05,0.2132
8,0.06,0.1907
8,0.08,0.1678
8,0.1,0.1551
8,0.15,0.1361
8,0.2,0.1237
8,0.3,0.107
8,0.4,0.09566
8,0.5,0.08729
8,0.6,0.0807
8,0.8,0.07087
8,1,0.06372
8,1.25,0.05697
8,1.5,0.05185
8,2,0.04459
8,3,0.03597
8,4,0.031
8,5,0.02777
8,6,0.02552
8,8,0.02263
8,10,0.02089
8,15,0.01866
8,20,0.0177
13,0.005,193.4
13,0.006,115.3
13,0.008,50.33
13,0.01,26.23
13,0.015,7.955
13,0.02,3.441
13,0.03,1.128
13,0.04,0.5685
13,0.05,0.3681
13,0.06,0.2778
13,0.08,0.2018
13,0.1,0.1704
13,0.15,0.1378
13,0.2,0.1223
13,0.3,0.1042
13,0.4,0.09276
13,0.5,0.08445
13,0.6,0.07802
13,0.8,0.06841
13,1,0.06146
13,1.25,0.05496
13,1.5,0.05006
13,2,0.04324
13,3,0.03541
13,4,0.03106
13,5,0.02836
13,6,0.02655
13,8,0.02437
13,10,0.02318
13,15,0.02195
13,20,0.02168
14,0.005,245
14,0.006,147
14,0.008,64.68
14,0.01,33.89
14,0.015,10.34
14,0.02,4.464
14,0.03,1.436
14,0.04,0.7012
14,0.05,0.4385
14,0.06,0.3207
14,0.08,0.2228
14,0.1,0.1835
14,0.15,0.1448
14,0.2,0.1275
14,0.3,0.1082
14,0.4,0.09614
14,0.5,0.08748
14,0.6,0.08077
14,0.8,0.07082
14,1,0.06361
14,1.25,0.05688
14,1.5,0.05183
14,2,0.0448
14,3,0.03678
14,4,0.0324
14,5,0.02967
14,6,0.02788
14,8,0.02574
14,10,0.02462
14,15,0.02352
14,20,0.02338
22,0.005,683.8
22,0.006,432.3
22,0.008,202.3
22,0.01,110.7
22,0.015,35.87
22,0.02,15.85
22,0.03,4.972
22,0.04,2.214
22,0.05,1.213
22,0.06,0.7661
22,0.08,0.4052
22,0.1,0.2721
22,0.15,0.1649
22,0.2,0.1314
22,0.3,0.1043
22,0.4,0.09081
22,0.5,0.08191
22,0.6,0.07529
22,0.8,0.06572
22,1,0.05891
22,1.25,0.05263
22,1.5,0.04801
22,2,0.0418
22,3,0.03512
22,4,0.03173
22,5,0.02982
22,6,0.02868
22,8,0.02759
22,10,0.02727
22,15,0.02762
22,20,0.02844
24,0.005,108
24,0.0059892,65.74
24,0.0059892,597.7
24,0.006,516
24,0.008,251.3
24,0.01,138.6
24,0.015,45.71
24,0.02,20.38
24,0.03,6.434
24,0.04,2.856
24,0.05,1.55
24,0.06,0.9639
24,0.08,0.4905
24,0.1,0.3166
24,0.15,0.1788
24,0.2,0.1378
24,0.3,0.1067
24,0.4,0.09213
24,0.5,0.08281
24,0.6,0.07598
24,0.8,0.0662
24,1,0.0593
24,1.25,0.05295
24,1.5,0.04832
24,2,0.04213
24,3,0.03559
24,4,0.03235
24,5,0.03057
24,6,0.02956
24,8,0.02869
24,10,0.02855
24,15,0.0292
24,20,0.03026
26,0.005,139.8
26,0.006,84.84
26,0.007112,53.19
26,0.007112,407.6
26,0.008,305.6
26,0.01,170.6
26,0.015,57.08
26,0.02,25.68
26,0.03,8.176
26,0.04,3.629
26,0.05,1.958
26,0.06,1.205
26,0.08,0.5952
26,0.1,0.3717
26,0.15,0.1964
26,0.2,0.146
26,0.3,0.1099
26,0.4,0.094
26,0.5,0.08414
26,0.6,0.07704
26,0.8,0.06699
26,1,0.05995
26,1.25,0.0535
26,1.5,0.04883
26,2,0.04265
26,3,0.03621
26,4,0.03312
26,5,0.03146
26,6,0.03057
26,8,0.02991
26,10,0.02994
26,15,0.03092
26,20,0.03224
28,0.005,179.3
28,0.006,109
28,0.008,49.52
28,0.0083328,44.28
28,0.0083328,329.4
28,0.01,209
28,0.015,70.81
28,0.02,32.2
28,0.03,10.34
28,0.04,4.6
28,0.05,2.474
28,0.06,1.512
28,0.08,0.7306
28,0.1,0.444
28,0.15,0.2208
28,0.2,0.1582
28,0.3,0.1154
28,0.4,0.09765
28,0.5,0.08698
28,0.6,0.07944
28,0.8,0.06891
28,1,0.0616
28,1.25,0.05494
28,1.5,0.05015
28,2,0.04387
28,3,0.03745
28,4,0.03444
28,5,0.03289
28,6,0.0321
28,8,0.03164
28,10,0.03185
28,15,0.0332
28,20,0.03476
29,0.005,189.9
29,0.006,115.6
29,0.008,52.55
29,0.0089789,38.29
29,0.0089789,278.4
29,0.01,215.9
29,0.015,74.05
29,0.02,33.79
29,0.03,10.92
29,0.04,4.862
29,0.05,2.613
29,0.06,1.593
29,0.08,0.763
29,0.1,0.4584
29,0.15,0.2217
29,0.2,0.1559
29,0.3,0.1119
29,0.4,0.09413
29,0.5,0.08362
29,0.6,0.07625
29,0.8,0.06605
29,1,0.05901
29,1.25,0.05261
29,1.5,0.04803
29,2,0.04205
29,3,0.03599
29,4,0.03318
29,5,0.03177
29,6,0.03108
29,8,0.03074
29,10,0.03103
29,15,0.03247
29,20,0.03408
32,0.005,247.2
32,0.006,150.9
32,0.008,68.9
32,0.01,37.42
32,0.0111031,28.11
32,0.0111031,198.1
32,0.015,91.52
32,0.02,42.22
32,0.03,13.85
32,0.04,6.207
32,0.05,3.335
32,0.06,2.023
32,0.08,0.9501
32,0.1,0.555
32,0.15,0.2491
32,0.2,0.1661
32,0.3,0.1131
32,0.4,0.09327
32,0.5,0.08212
32,0.6,0.07452
32,0.8,0.06426
32,1,0.05727
32,1.25,0.05101
32,1.5,0.04657
32,2,0.04086
32,3,0.03524
32,4,0.03275
32,5,0.03158
32,6,0.03107
32,8,0.03103
32,10,0.03156
32,15,0.0334
32,20,0.03528
35,0.005,321.3
35,0.006,196.8
35,0.008,90.26
35,0.01,49.12
35,0.0134737,21.76
35,0.0134737,147.1
35,0.015,111.9
35,0.02,52.66
35,0.03,17.53
35,0.04,7.9
35,0.05,4.264
35,0.06,2.582
35,0.08,1.198
35,0.1,0.6861
35,0.15,0.2899
35,0.2,0.1838
35,0.3,0.1186
35,0.4,0.09563
35,0.5,0.08328
35,0.6,0.07515
35,0.8,0.06443
35,1,0.05728
35,1.25,0.05094
35,1.5,0.0465
35,2,0.04089
35,3,0.03552
35,4,0.03327
35,5,0.03229
35,6,0.03194
35,8,0.03218
35,10,0.03293
35,15,0.03521
35,20,0.03738
47,0.005,738.5
47,0.006,461
47,0.008,216.4
47,0.01,119.3
47,0.015,39.98
47,0.02,18.36
47,0.025514,9.527
47,0.025514,55.39
47,0.03,36.68
47,0.04,17.2
47,0.05,9.444
47,0.06,5.766
47,0.08,2.651
47,0.1,1.47
47,0.15,0.5426
47,0.2,0.2972
47,0.3,0.156
47,0.4,0.1131
47,0.5,0.09321
47,0.6,0.08153
47,0.8,0.06766
47,1,0.05921
47,1.25,0.05217
47,1.5,0.04754
47,2,0.04209
47,3,0.03754
47,4,0.03606
47,5,0.03577
47,6,0.03601
47,8,0.03723
47,10,0.03882
47,15,0.04276
47,20,0.04609
48,0.005,768.5
48,0.006,479.3
48,0.008,225.4
48,0.01,124.4
48,0.015,41.78
48,0.02,19.2
48,0.0267112,8.809
48,0.0267112,50.65
48,0.03,37.65
48,0.04,17.78
48,0.05,9.779
48,0.06,5.975
48,0.08,2.751
48,0.1,1.524
48,0.15,0.5593
48,0.2,0.3038
48,0.3,0.1571
48,0.4,0.1129
48,0.5,0.0925
48,0.6,0.08064
48,0.8,0.0667
48,1,0.05826
48,1.25,0.05129
48,1.5,0.04673
48,2,0.04139
48,3,0.03698
48,4,0.03559
48,5,0.03536
48,6,0.03563
48,8,0.03691
48,10,0.03853
48,15,0.04253
48,20,0.04587
50,0.005,847.1
50,0.006,529.4
50,0.008,250
50,0.01,138.4
50,0.015,46.64
50,0.02,21.46
50,0.0292001,7.76
50,0.0292001,43.6
50,0.03,41.21
50,0.04,19.42
50,0.05,10.7
50,0.06,6.564
50,0.08,3.029
50,0.1,1.676
50,0.15,0.6091
50,0.2,0.326
50,0.3,0.1639
50,0.4,0.1156
50,0.5,0.09374
50,0.6,0.08113
50,0.8,0.06662
50,1,0.058
50,1.25,0.05095
50,1.5,0.04638
50,2,0.04112
50,3,0.03686
50,4,0.03561
50,5,0.03548
50,6,0.03583
50,8,0.03724
50,10,0.03895
50,15,0.04315
50,20,0.04662
57,0.005,257.8
57,0.0054827,203.9
57,0.0054827,576.4
57,0.00568299,530.2
57,0.0058906,484.6
57,0.0058906,654.5
57,0.006,631.9
57,0.0062663,565.4
57,0.0062663,651.8
57,0.008,352.9
57,0.01,196.7
57,0.015,67.31
57,0.02,31.19
57,0.03,10.52
57,0.0389246,5.271
57,0.0389246,27.72
57,0.04,25.79
57,0.05,14.47
57,0.06,8.962
57,0.08,4.177
57,0.1,2.315
57,0.15,0.8239
57,0.2,0.4239
57,0.3,0.1961
57,0.4,0.1301
57,0.5,0.1015
57,0.6,0.0857
57,0.8,0.06843
57,1,0.05876
57,1.25,0.0511
57,1.5,0.0464
57,2,0.04122
57,3,0.03737
57,4,0.03646
57,5,0.03664
57,6,0.03726
57,8,0.03907
57,10,0.04113
57,15,0.04603
57,20,0.04996
73,0.005,532.8
73,0.006,338.2
73,0.008,163.9
73,0.0098811,95.99
73,0.0098811,244.3
73,0.01,237.9
73,0.0111361,179.1
73,0.0111361,244.9
73,0.0114055,239.3
73,0.0116815,218.2
73,0.0116815,251.8
73,0.015,134
73,0.02,63.34
73,0.03,21.87
73,0.04,10.25
73,0.05,5.717
73,0.06,3.569
73,0.0674164,2.652
73,0.0674164,11.8
73,0.08,7.587
73,0.1,4.302
73,0.15,1.531
73,0.2,0.7598
73,0.3,0.3149
73,0.4,0.1881
73,0.5,0.1352
73,0.6,0.1076
73,0.8,0.07981
73,1,0.06567
73,1.25,0.05545
73,1.5,0.04977
73,2,0.04413
73,3,0.04057
73,4,0.04018
73,5,0.04082
73,6,0.04188
73,8,0.04446
73,10,0.04717
73,15,0.0535
73,20,0.05852
74,0.005,553.4
74,0.006,351.4
74,0.008,170.5
74,0.01,96.91
74,0.0102068,92.01
74,0.0102068,233.4
74,0.0108548,198.3
74,0.011544,168.9
74,0.011544,231.2
74,0.0118186,226.8
74,0.0120998,206.5
74,0.0120998,238.2
74,0.015,138.9
74,0.02,65.73
74,0.03,22.73
74,0.04,10.67
74,0.05,5.949
74,0.06,3.713
74,0.069525,2.552
74,0.069525,11.23
74,0.08,7.81
74,0.1,4.438
74,0.15,1.581
74,0.2,0.7844
74,0.3,0.3238
74,0.4,0.1925
74,0.5,0.1378
74,0.6,0.1093
74,0.8,0.08066
74,1,0.06618
74,1.25,0.05577
74,1.5,0.05
74,2,0.04433
74,3,0.04075
74,4,0.04038
74,5,0.04103
74,6,0.0421
74,8,0.04472
74,10,0.04747
74,15,0.05384
74,20,0.05893
79,0.005,666.1
79,0.006,425.3
79,0.008,207.2
79,0.01,118.1
79,0.0119187,75.82
79,0.0119187,187
79,0.012794,154.6
79,0.0137336,128.3
79,0.0137336,176.4
79,0.0140398,176.6
79,0.0143528,158.8
79,0.0143528,183
79,0.015,163.7
79,0.02,78.83
79,0.03,27.52
79,0.04,12.98
79,0.05,7.256
79,0.06,4.528
79,0.08,2.185
79,0.0807249,2.137
79,0.0807249,8.904
79,0.1,5.158
79,0.15,1.86
79,0.2,0.9214
79,0.3,0.3744
79,0.4,0.218
79,0.5,0.153
79,0.6,0.1194
79,0.8,0.08603
79,1,0.06953
79,1.25,0.05794
79,1.5,0.05167
79,2,0.0457
79,3,0.04201
79,4,0.04166
79,5,0.04239
79,6,0.04355
79,8,0.04633
79,10,0.04926
79,15,0.05598
79,20,0.06136
82,0.005,730.4
82,0.006,467.2
82,0.008,228.7
82,0.01,130.6
82,0.0130352,67.01
82,0.0130352,162.1
82,0.015,111.6
82,0.0152,107.8
82,0.0152,148.5
82,0.0155269,141.6
82,0.0158608,134.4
82,0.0158608,154.8
82,0.02,86.36
82,0.03,30.32
82,0.04,14.36
82,0.05,8.041
82,0.06,5.021
82,0.08,2.419
82,0.0880045,1.91
82,0.0880045,7.683
82,0.1,5.549
82,0.15,2.014
82,0.2,0.9985
82,0.3,0.4031
82,0.4,0.2323
82,0.5,0.1614
82,0.6,0.1248
82,0.8,0.0887
82,1,0.07102
82,1.25,0.05876
82,1.5,0.05222
82,2,0.04606
82,3,0.04234
82,4,0.04197
82,5,0.04272
82,6,0.04391
82,8,0.04675
82,10,0.04972
82,15,0.05658
82,20,0.06206
