Z,symbol,name,standard_atomic_weight,Z_over_A,I_eV,density_g_cm3
1,H,Hydrogen,"[1.00784,1.00811]",0.99212,19.2,8.375E-05
2,He,Helium,4.002602(2),0.49968,41.8,1.663E-04
3,Li,Lithium,"[6.938,6.997]",0.43221,40.0,5.340E-01
4,Be,Beryllium,9.0121831(5),0.44384,63.7,1.848E+00
5,B,Boron,"[10.806,10.821]",0.46245,76.0,2.370E+00
6,C,"Carbon, Graphite","[12.0096,12.0116]",0.49954,78.0,1.700E+00
7,N,Nitrogen,"[14.00643,14.00728]",0.49976,82.0,1.165E-03
8,O,Oxygen,"[15.99903,15.99977]",0.50002,95.0,1.332E-03
9,F,Fluorine,18.998403163(6),0.47372,115.0,1.580E-03
10,Ne,Neon,20.1797(6),0.49555,137.0,8.385E-04
11,Na,Sodium,22.98976928(2),0.47847,149.0,9.710E-01
12,Mg,Magnesium,"[24.304,24.307]",0.49373,156.0,1.740E+00
13,Al,Aluminum,26.9815385(7),0.48181,166.0,2.699E+00
14,Si,Silicon,"[28.084,28.086]",0.49848,173.0,2.330E+00
15,P,Phosphorus,30.973761998(5),0.48428,173.0,2.200E+00
16,S,Sulfur,"[32.059,32.076]",0.49897,180.0,2.000E+00
17,Cl,Chlorine,"[35.446,35.457]",0.47951,174.0,2.995E-03
18,Ar,Argon,39.948(1),0.45059,188.0,1.662E-03
19,K,Potassium,39.0983(1),0.48595,190.0,8.620E-01
20,Ca,Calcium,40.078(4),0.49903,191.0,1.550E+00
21,Sc,Scandium,44.955908(5),0.46712,216.0,2.989E+00
22,Ti,Titanium,47.867(1),0.45948,233.0,4.540E+00
23,V,Vanadium,50.9415(1),0.45150,245.0,6.110E+00
24,Cr,Chromium,51.9961(6),0.46157,257.0,7.180E+00
25,Mn,Manganese,54.938044(3),0.45506,272.0,7.440E+00
26,Fe,Iron,55.845(2),0.46556,286.0,7.874E+00
27,Co,Cobalt,58.933194(4),0.45815,297.0,8.900E+00
28,Ni,Nickel,58.6934(4),0.47708,311.0,8.902E+00
29,Cu,Copper,63.546(3),0.45636,322.0,8.960E+00
30,Zn,Zinc,65.38(2),0.45879,330.0,7.133E+00
31,Ga,Gallium,69.723(1),0.44462,334.0,5.904E+00
32,Ge,Germanium,72.630(8),0.44071,350.0,5.323E+00
33,As,Arsenic,74.921595(6),0.44046,347.0,5.730E+00
34,Se,Selenium,78.971(8),0.43060,348.0,4.500E+00
35,Br,Bromine,"[79.901,79.907]",0.43803,343.0,7.072E-03
36,Kr,Krypton,83.798(2),0.42959,352.0,3.478E-03
37,Rb,Rubidium,85.4678(3),0.43291,363.0,1.532E+00
38,Sr,Strontium,87.62(1),0.43369,366.0,2.540E+00
39,Y,Yttrium,88.90584(2),0.43867,379.0,4.469E+00
40,Zr,Zirconium,91.224(2),0.43848,393.0,6.506E+00
41,Nb,Niobium,92.90637(2),0.44130,417.0,8.570E+00
42,Mo,Molybdenum,95.95(1),0.43777,424.0,1.022E+01
43,Tc,Technetium,[98],0.43919,428.0,1.150E+01
44,Ru,Ruthenium,101.07(2),0.43534,441.0,1.241E+01
45,Rh,Rhodium,102.90550(2),0.43729,449.0,1.241E+01
46,Pd,Palladium,106.42(1),0.43225,470.0,1.202E+01
47,Ag,Silver,107.8682(2),0.43572,470.0,1.050E+01
48,Cd,Cadmium,112.414(4),0.42700,469.0,8.650E+00
49,In,Indium,114.818(1),0.42676,488.0,7.310E+00
50,Sn,Tin,118.710(7),0.42120,488.0,7.310E+00
51,Sb,Antimony,121.760(1),0.41889,487.0,6.691E+00
52,Te,Tellurium,127.60(3),0.40752,485.0,6.240E+00
53,I,Iodine,126.90447(3),0.41764,491.0,4.930E+00
54,Xe,Xenon,131.293(6),0.41130,482.0,5.485E-03
55,Cs,Cesium,132.90545196(6),0.41383,488.0,1.873E+00
56,Ba,Barium,137.327(7),0.40779,491.0,3.500E+00
57,La,Lanthanum,138.90547(7),0.41035,501.0,6.154E+00
58,Ce,Cerium,140.116(1),0.41395,523.0,6.657E+00
59,Pr,Praseodymium,140.90766(2),0.41871,535.0,6.710E+00
60,Nd,Neodymium,144.242(3),0.41597,546.0,6.900E+00
61,Pm,Promethium,[145],0.42094,560.0,7.220E+00
62,Sm,Samarium,150.36(2),0.41234,574.0,7.460E+00
63,Eu,Europium,151.964(1),0.41457,580.0,5.243E+00
64,Gd,Gadolinium,157.25(3),0.40699,591.0,7.900E+00
65,Tb,Terbium,158.92535(2),0.40900,614.0,8.229E+00
66,Dy,Dysprosium,162.500(1),0.40615,628.0,8.550E+00
67,Ho,Holmium,164.93033(2),0.40623,650.0,8.795E+00
68,Er,Erbium,167.259(3),0.40655,658.0,9.066E+00
69,Tm,Thulium,168.93422(2),0.40844,674.0,9.321E+00
70,Yb,Ytterbium,173.054(5),0.40453,684.0,6.730E+00
71,Lu,Lutetium,174.9668(1),0.40579,694.0,9.840E+00
72,Hf,Hafnium,178.49(2),0.40338,705.0,1.331E+01
73,Ta,Tantalum,180.94788(2),0.40343,718.0,1.665E+01
74,W,Tungsten,183.84(1),0.40250,727.0,1.930E+01
75,Re,Rhenium,186.207(1),0.40278,736.0,2.102E+01
76,Os,Osmium,190.23(3),0.39958,746.0,2.257E+01
77,Ir,Iridium,192.217(3),0.40058,757.0,2.242E+01
78,Pt,Platinum,195.084(9),0.39984,790.0,2.145E+01
79,Au,Gold,196.966569(5),0.40108,790.0,1.932E+01
80,Hg,Mercury,200.592(3),0.39882,800.0,1.355E+01
81,Tl,Thallium,"[204.382,204.385]",0.39631,810.0,1.172E+01
82,Pb,Lead,207.2(1),0.39575,823.0,1.135E+01
83,Bi,Bismuth,208.98040(1),0.39717,823.0,9.747E+00
84,Po,Polonium,[209],0.40195,830.0,9.320E+00
85,At,Astatine,[210],0.40479,825.0,1.000E+01
86,Rn,Radon,[222],0.38736,794.0,9.066E-03
87,Fr,Francium,[223],0.39010,827.0,1.000E+01
88,Ra,Radium,[226],0.38934,826.0,5.000E+00
89,Ac,Actinium,[227],0.39202,841.0,1.007E+01
90,Th,Thorium,232.0377(4),0.38787,847.0,1.172E+01
91,Pa,Protactinium,231.03588(2),0.39388,878.0,1.537E+01
92,U,Uranium,238.02891(3),0.38651,890.0,1.895E+01
